id,title,due_date,submissions,description,courseId
1,praesentium acsi averto,2025-10-07 20:03:06.555,13,Cibo accusator canonicus fugit suus demens uter amicitia vomer. Vetus tibi vespillo suspendo architecto uredo.,1
2,terra allatus auxilium,2025-09-21 21:15:07.293,20,Decet sortitus doloremque administratio denique victus arbitro. Sollers amaritudo certus adhuc cogito beatus carmen.,1
3,cursus vulgo antea,2025-09-26 19:27:55.015,20,Tabella pauci strues decens canto acervus uberrime. Combibo verus cum.,1
4,argumentum suppellex agnosco,2025-10-04 23:09:33.047,9,Armarium eveniet sol crur bibo coma. Earum ustulo deinde.,2
5,clarus amoveo damno,2025-09-28 05:24:21.742,0,Subseco textus vitium patria utor. Sufficio ducimus despecto coaegresco adimpleo.,2
6,cupressus aestivus callide,2025-10-16 07:22:49.153,1,Vindico tot deleo conscendo dens appello conatus corpus uredo. Adeo creator atqui accusamus temporibus artificiose distinctio patrocinor voluntarius.,2
7,correptius aestivus uredo,2025-09-21 07:52:19.061,17,Sulum aeneus accusamus cultura desidero conculco. Adnuo nulla comitatus trado clibanus in in sopor aufero strues.,3
8,commodo speciosus tenax,2025-09-22 09:20:29.798,8,Dicta dapifer vaco patruus verecundia correptius deficio. Brevis combibo compono animadverto vergo delectatio usitas.,3
9,arbustum benigne ara,2025-10-19 04:23:46.921,1,Adflicto acerbitas laborum. Suggero distinctio dapifer balbus illum avarus aetas adiuvo vos temeritas.,3
10,volo voluptates civitas,2025-10-04 19:05:22.712,6,Carcer temptatio adamo verumtamen arbitro vapulus vergo alter. Eligendi cupiditas ademptio vis universe stella totus utor sequi catena.,4
11,via termes vacuus,2025-10-15 00:31:31.75,7,Ago maiores tergum corrigo caste crebro valetudo cubicularis auctus tametsi. Cervus astrum crastinus sum comedo tepesco quaerat est angustus summisse.,4
12,vigor tero denique,2025-10-17 09:16:57.997,2,Enim terra recusandae decipio voluptates sit. Utrimque taedium cupiditate crebro.,4
13,circumvenio tenuis subnecto,2025-10-04 10:15:10.307,3,Consequuntur complectus curvo cavus vel trucido. Traho amor aperiam vorax corona natus cupiditas vociferor adulescens.,5
14,clamo stabilis votum,2025-10-02 02:49:34.052,11,Tendo tolero vis minus calcar molestias coadunatio ait. Dolorem defessus corrigo mollitia omnis dens umerus.,5
15,aurum vehemens dolore,2025-10-15 00:12:06.918,5,Vulticulus ventito sopor clibanus comes dolorum celer sui. Suscipit comptus villa cuppedia.,5